shapeName,shapeISO,shapeID,shapeGroup,shapeType
Hainan Province,CHN,43563684B67556328368055,CHN,ADM1
Taiwan Province,CHN,43563684B32372453033755,CHN,ADM1
Guangxi Zhuang Autonomous Region,CHN,43563684B59914390554750,CHN,ADM1
Fujian Province,CHN,43563684B30737817496648,CHN,ADM1
Yunnan Province,CHN,43563684B84540832148656,CHN,ADM1
Guizhou Province,CHN,43563684B78583622565599,CHN,ADM1
Jiangxi Province,CHN,43563684B87813050901813,CHN,ADM1
Hunan Province,CHN,43563684B64987462919315,CHN,ADM1
Zhejiang Province,CHN,43563684B73528730180553,CHN,ADM1
Shanghai Municipality,CHN,43563684B32591653033375,CHN,ADM1
Chongqing Municipality,CHN,43563684B97743196909507,CHN,ADM1
Hubei Province,CHN,43563684B41908353419915,CHN,ADM1
Sichuan Province,CHN,43563684B14397599951889,CHN,ADM1
Anhui Province,CHN,43563684B75549295130005,CHN,ADM1
Jiangsu Province,CHN,43563684B64367354813847,CHN,ADM1
Henan Province,CHN,43563684B96917371447908,CHN,ADM1
Tibet Autonomous Region,CHN,43563684B19802372559419,CHN,ADM1
Shandong Province,CHN,43563684B58995436924100,CHN,ADM1
Qinghai Province,CHN,43563684B46172434476792,CHN,ADM1
Ningxia Ningxia Hui Autonomous Region,CHN,43563684B64666899633249,CHN,ADM1
Shaanxi Province,CHN,43563684B62959128536432,CHN,ADM1
Tianjin Municipality,CHN,43563684B84701301190484,CHN,ADM1
Shanxi Province,CHN,43563684B34303967365755,CHN,ADM1
Beijing Municipality,CHN,43563684B17418114845297,CHN,ADM1
Gansu Province,CHN,43563684B11053367304830,CHN,ADM1
Hebei Province,CHN,43563684B58229551045164,CHN,ADM1
Liaoning Province,CHN,43563684B26929678147954,CHN,ADM1
Jilin Province,CHN,43563684B3982601277390,CHN,ADM1
Xinjiang Uyghur Autonomous Region,CHN,43563684B50492231896073,CHN,ADM1
Inner Mongolia Autonomous Region,CHN,43563684B95381459098578,CHN,ADM1
Heilongjiang Province,CHN,43563684B55920014778896,CHN,ADM1
Macau Special Administrative Region,CHN,43563684B97104103456250,CHN,ADM1
Hong Kong Special Administrative Region,CHN,43563684B69230098435171,CHN,ADM1
Guangzhou Province,CHN,43563684B38891657012300,CHN,ADM1